{
  "dataset_id": "actrectut_gestures",
  "mean_macro_f1": 0.5024870187044144,
  "model_id": "tinyhar",
  "protocol_hash": "e8739ef2c5b36c99",
  "protocol_id": "whar_arena_v1",
  "splits": [
    {
      "accuracy": 0.6876640319824219,
      "balanced_accuracy": 0.6493615410384076,
      "best_epoch": 5,
      "epochs_ran": 15,
      "macro_f1": 0.4518202841281891,
      "split_id": "split-00",
      "split_identifier": "group_kfold_0",
      "test_size": 381,
      "train_size": 334,
      "val_size": 83
    },
    {
      "accuracy": 0.7410072088241577,
      "balanced_accuracy": 0.8019087504622097,
      "best_epoch": 8,
      "epochs_ran": 18,
      "macro_f1": 0.5531537532806396,
      "split_id": "split-01",
      "split_identifier": "group_kfold_1",
      "test_size": 417,
      "train_size": 305,
      "val_size": 76
    }
  ],
  "std_macro_f1": 0.07165358319885562
}
