{
  "dataset_id": "actrectut_gestures",
  "mean_macro_f1": 0.2716256007552147,
  "model_id": "svm",
  "protocol_hash": "e8739ef2c5b36c99",
  "protocol_id": "whar_arena_v1",
  "splits": [
    {
      "accuracy": 0.530183732509613,
      "balanced_accuracy": 0.39694606887589345,
      "best_epoch": null,
      "epochs_ran": 0,
      "macro_f1": 0.2942619323730469,
      "split_id": "split-00",
      "split_identifier": "group_kfold_0",
      "test_size": 381,
      "train_size": 334,
      "val_size": 83
    },
    {
      "accuracy": 0.47961631417274475,
      "balanced_accuracy": 0.39855094203102587,
      "best_epoch": null,
      "epochs_ran": 0,
      "macro_f1": 0.2489892691373825,
      "split_id": "split-01",
      "split_identifier": "group_kfold_1",
      "test_size": 417,
      "train_size": 305,
      "val_size": 76
    }
  ],
  "std_macro_f1": 0.03201260717631318
}
