{
  "dataset_id": "actrectut_gestures",
  "mean_macro_f1": 0.4865376055240631,
  "model_id": "dana",
  "protocol_hash": "e8739ef2c5b36c99",
  "protocol_id": "whar_arena_v1",
  "splits": [
    {
      "accuracy": 0.6955380439758301,
      "balanced_accuracy": 0.6350598719019771,
      "best_epoch": 6,
      "epochs_ran": 16,
      "macro_f1": 0.46376967430114746,
      "split_id": "split-00",
      "split_identifier": "group_kfold_0",
      "test_size": 381,
      "train_size": 334,
      "val_size": 83
    },
    {
      "accuracy": 0.743405282497406,
      "balanced_accuracy": 0.6957562780413933,
      "best_epoch": 14,
      "epochs_ran": 24,
      "macro_f1": 0.5093055367469788,
      "split_id": "split-01",
      "split_identifier": "group_kfold_1",
      "test_size": 417,
      "train_size": 305,
      "val_size": 76
    }
  ],
  "std_macro_f1": 0.03219871712262516
}
