{
  "dataset_id": "actrectut_gestures",
  "mean_macro_f1": 0.6141676902770996,
  "model_id": "triple_cross_domain_attention",
  "protocol_hash": "e8739ef2c5b36c99",
  "protocol_id": "whar_arena_v1",
  "splits": [
    {
      "accuracy": 0.8293963074684143,
      "balanced_accuracy": 0.8118313296879869,
      "best_epoch": 6,
      "epochs_ran": 16,
      "macro_f1": 0.6129605174064636,
      "split_id": "split-00",
      "split_identifier": "group_kfold_0",
      "test_size": 381,
      "train_size": 334,
      "val_size": 83
    },
    {
      "accuracy": 0.8417266011238098,
      "balanced_accuracy": 0.8443139049009071,
      "best_epoch": 12,
      "epochs_ran": 22,
      "macro_f1": 0.6153748631477356,
      "split_id": "split-01",
      "split_identifier": "group_kfold_1",
      "test_size": 417,
      "train_size": 305,
      "val_size": 76
    }
  ],
  "std_macro_f1": 0.0017072002457822737
}
