{
  "dataset_id": "actrectut_gestures",
  "mean_macro_f1": 0.37275081872940063,
  "model_id": "lstms_ensemble",
  "protocol_hash": "e8739ef2c5b36c99",
  "protocol_id": "whar_arena_v1",
  "splits": [
    {
      "accuracy": 0.5144357085227966,
      "balanced_accuracy": 0.40373255195776614,
      "best_epoch": 8,
      "epochs_ran": 18,
      "macro_f1": 0.2849554717540741,
      "split_id": "split-00",
      "split_identifier": "group_kfold_0",
      "test_size": 381,
      "train_size": 334,
      "val_size": 83
    },
    {
      "accuracy": 0.7074340581893921,
      "balanced_accuracy": 0.6525463916015496,
      "best_epoch": 35,
      "epochs_ran": 45,
      "macro_f1": 0.4605461657047272,
      "split_id": "split-01",
      "split_identifier": "group_kfold_1",
      "test_size": 417,
      "train_size": 305,
      "val_size": 76
    }
  ],
  "std_macro_f1": 0.12416137040575848
}
