{
  "dataset_id": "actrectut_gestures",
  "mean_macro_f1": 0.3668087273836136,
  "model_id": "aroma_joint_model",
  "protocol_hash": "e8739ef2c5b36c99",
  "protocol_id": "whar_arena_v1",
  "splits": [
    {
      "accuracy": 0.7322834730148315,
      "balanced_accuracy": 0.6012442722969039,
      "best_epoch": 13,
      "epochs_ran": 23,
      "macro_f1": 0.4227215349674225,
      "split_id": "split-00",
      "split_identifier": "group_kfold_0",
      "test_size": 381,
      "train_size": 334,
      "val_size": 83
    },
    {
      "accuracy": 0.4724220633506775,
      "balanced_accuracy": 0.4666838913835228,
      "best_epoch": 22,
      "epochs_ran": 32,
      "macro_f1": 0.3108959197998047,
      "split_id": "split-01",
      "split_identifier": "group_kfold_1",
      "test_size": 417,
      "train_size": 305,
      "val_size": 76
    }
  ],
  "std_macro_f1": 0.07907265079537978
}
